{
    "loss": 2140.558349609375,
    "accuracy": 0.3333333432674408
}