{
    "loss": 101.50740051269531,
    "accuracy": 0.90010666847229
}